id,session_id,query,response,rating,detailed_feedback,category,search_method,response_time_ms,created_at,total_queries,positive_feedback,negative_feedback
3,0310d1be-700b-4fa9-8960-0499c52a9747,why you wanna change jobs so quickly?,"### Answering the Question: ""Why do you want to change jobs so quickly?""

**1. Core Question Directly Addressed:**
When addressing the question of why I want to change jobs so quickly, I would explain that my decision is rooted in a desire for growth and alignment with my career goals. I’ve gained valuable experience in my current role, but I believe that the opportunities for advancement and the alignment of the company's mission with my own aspirations are limited. 

**2. Key Concepts or Frameworks to Mention:**
- **Career Growth:** Emphasize the importance of continuous growth and professional development.
- **Alignment with Goals:** Highlight the significance of finding a position that aligns with both personal values and career objectives.
- **Value Addition:** Mention how you are eager to bring your skills and experiences to a role that allows for a greater contribution.

**3. Practical Examples or Scenarios:**
For instance, in my current role as a data analyst, I’ve honed my skills in data manipulation and visualization. However, I’ve realized that I am particularly passionate about predictive modeling and machine learning, areas that aren’t a primary focus in my current organization. I recently came across an opening that not only emphasizes these areas but also offers a collaborative work environment that fosters innovation. This is what I am seeking in my next role—a place where I can apply my skills effectively and grow in the areas I’m most passionate about.

**4. What Interviewers are Typically Looking For:**
Interviewers are often looking for:
- **Clarity of Purpose:** They want to see that you have a clear reason for your job change, rather than it being impulsive or based on dissatisfaction.
- **Self-Awareness:** They are checking to see if you understand your own career aspirations and how they align with the prospective job.
- **Professionalism:** Avoiding negative comments about your current or past employers is crucial. They want to know that you can maintain a positive demeanor even when discussing job transitions.

**5. Common Follow-Up Questions or Related Topics:**
- **“What specific skills do you hope to develop in your new role?”** Be prepared to discuss how the new position will help you grow professionally.
- **“Can you describe a situation where you felt you weren’t able to grow?”** Have examples ready that illustrate your past experiences and how they led you to seek new opportunities.
- **“How do you handle change?”** Be prepared to demonstrate your adaptability and how you view change as a positive opportunity rather than a challenge.

### Conclusion:
In conclusion, while I understand that changing jobs quickly can raise questions, my focus is on aligning my career with my goals and interests. I believe that by seeking out opportunities that better match my aspirations, I can contribute more effectively and thrive professionally. This strategic approach will benefit both myself and the organization I join.",1,,all,hybrid,17764,2025-10-08 13:10:50.686354,4,3,0
2,0310d1be-700b-4fa9-8960-0499c52a9747,Explain backpropagation,"**Answer: Explain Backpropagation**

**1. Core Explanation:**
Backpropagation is a critical algorithm employed in training artificial neural networks. It optimizes the network's weights to minimize the error between the predicted outputs and actual target values. The process consists of two main phases: forward propagation and backward propagation. 

During **forward propagation**, input data is fed through the network, layer by layer, producing predictions. These predictions are then compared to the actual target values using a loss function—common examples include Mean Squared Error for regression tasks or Cross-Entropy Loss for classification tasks. This comparison yields a loss value, which indicates how well or poorly the model is performing.

The **backward propagation** phase begins after the loss is computed. Here, the algorithm calculates the gradient of the loss with respect to each weight in the network using the chain rule of calculus. This gradient information is then used to update the weights in a direction that reduces the loss, typically via an optimization algorithm like gradient descent.

**2. Key Concepts:**
- **Loss Function:** Measures how well the model's predictions match the actual outcomes.
- **Gradient Descent:** An optimization algorithm used to adjust the weights based on the gradients computed during backpropagation.
- **Chain Rule:** A fundamental principle from calculus that is applied to compute the gradients layer by layer.

**3. Practical Example:**
Let’s say we have a simple neural network with an input layer, one hidden layer, and an output layer. After performing a forward pass, we would calculate the loss using a function like Cross-Entropy Loss. During the backward pass, we compute the gradients of the loss with respect to the weights:

1. For each weight \( w \) in the network, calculate:
   \[
   \text{gradient} = \frac{\partial \text{loss}}{\partial w}
   \]
2. Update the weights:
   \[
   w_{\text{new}} = w_{\text{old}} - \eta \cdot \text{gradient}
   \]
   where \( \eta \) is the learning rate.

This process is repeated for multiple epochs until the model converges to a set of weights that minimizes the loss.

**4. What Interviewers Look For:**
Interviewers seek to assess your understanding of how backpropagation functions within neural networks. They typically look for:
- A clear explanation of both forward and backward propagation phases.
- Knowledge of the role of loss functions and optimization techniques.
- An understanding of practical implications, including the challenges of vanishing and exploding gradients, and how to mitigate them.

**5. Common Follow-Up Questions:**
- Can you explain the vanishing and exploding gradient problems related to backpropagation?
- How would you implement backpropagation in a specific deep learning framework (e.g., TensorFlow or PyTorch)?
- What are some techniques to improve the efficiency of backpropagation in deep networks?
- How does backpropagation differ in recurrent neural networks (RNNs) compared to feedforward networks?

**Conclusion:**
In summary, backpropagation is an essential algorithm for training neural networks, allowing them to learn from their mistakes and improve their performance through systematic weight adjustments. By demonstrating a thorough understanding of this concept, along with practical examples and awareness of potential challenges, you'll be well-prepared to address this topic in an interview setting.",1,,all,hybrid,23100,2025-10-08 13:08:45.285044,4,3,0
1,0310d1be-700b-4fa9-8960-0499c52a9747,Why should I hire you?,"**Answer to ""Why should I hire you?""**

1. **Direct Response to the Core Question:**
   Thank you for the opportunity to discuss why I would be a valuable addition to your team. I believe you should hire me because my unique blend of skills, experience, and passion for data science aligns perfectly with your organization’s goals and the specific requirements of this position.

2. **Key Concepts or Frameworks to Mention:**
   - **Alignment with Company Needs:** Understand the company’s challenges and needs, and articulate how your skills directly address those.
   - **STAR Method:** Use the Situation, Task, Action, and Result framework to provide structured examples of your past experiences.
   - **Qualifications Match:** Emphasize the three critical qualifications: capability (technical skills), motivation (desire to excel), and cultural fit (team collaboration).

3. **Practical Examples or Scenarios:**
   For instance, if one of the requirements of the role is to analyze large datasets to drive business decisions, I can share an experience from my previous role where I:
   - **Situation:** Worked on a project where we needed to predict customer churn for a subscription service using Python and machine learning techniques.
   - **Task:** My task was to build a predictive model that would help the marketing team identify high-risk customers.
   - **Action:** I utilized techniques such as logistic regression and random forests to analyze customer behavior trends. I also collaborated closely with cross-functional teams to ensure the model aligned with business strategies.
   - **Result:** The model improved our retention strategies, leading to a 15% decrease in churn over the next quarter, which positively impacted revenue.

   This example highlights my technical ability, results-driven approach, and collaborative mindset, which I believe are crucial for this role.

4. **What Interviewers Are Typically Looking For:**
   Interviewers want to see that you:
   - Understand the company’s needs and how you fit into that vision.
   - Have specific examples that demonstrate your problem-solving skills and ability to deliver results.
   - Possess the necessary technical skills and soft skills (like teamwork and communication) to work effectively within their team.

5. **Common Follow-Up Questions or Related Topics:**
   - **Follow-Up Question:** “Can you provide another example of how you’ve tackled a data-related challenge?”
   - **Related Topic:** Be prepared to discuss how you stay updated with the latest data science trends or tools, as this shows your commitment to continuous learning.
   - **Another Follow-Up:** “How do you prioritize your tasks when working on multiple projects?” This is an opportunity to showcase your organizational and time-management skills.

In summary, my combination of technical expertise, proven results, and a strong cultural fit makes me an ideal candidate for this position. I am excited about the possibility of contributing to your team and helping achieve your organizational goals.",1,,all,hybrid,13781,2025-10-08 13:03:56.843365,4,3,0
